A_url,B_url,image_url
https://raw.githubusercontent.com/AtlantixJJ/VideoStableData/master/frame_sfn_comb/davis_tandem_sfn_comb_feathers_00026.jpg,https://raw.githubusercontent.com/AtlantixJJ/VideoStableData/master/frame_sfn_none/davis_tandem_sfn_none_feathers_00026.jpg,https://raw.githubusercontent.com/AtlantixJJ/VideoStableData/master/image/feathers.jpg
https://raw.githubusercontent.com/AtlantixJJ/VideoStableData/master/frame_sfn_none/sintel_mountain_2_sfn_none_feathers_00020.jpg,https://raw.githubusercontent.com/AtlantixJJ/VideoStableData/master/frame_sfn_comb/sintel_mountain_2_sfn_comb_feathers_00020.jpg,https://raw.githubusercontent.com/AtlantixJJ/VideoStableData/master/image/feathers.jpg
https://raw.githubusercontent.com/AtlantixJJ/VideoStableData/master/frame_sfn_none/davis_man-bike_sfn_none_lamuse_00011.jpg,https://raw.githubusercontent.com/AtlantixJJ/VideoStableData/master/frame_sfn_comb/davis_man-bike_sfn_comb_lamuse_00011.jpg,https://raw.githubusercontent.com/AtlantixJJ/VideoStableData/master/image/la_muse.jpg
https://raw.githubusercontent.com/AtlantixJJ/VideoStableData/master/frame_sfn_none/sintel_wall_sfn_none_lamuse_00021.jpg,https://raw.githubusercontent.com/AtlantixJJ/VideoStableData/master/frame_sfn_comb/sintel_wall_sfn_comb_lamuse_00021.jpg,https://raw.githubusercontent.com/AtlantixJJ/VideoStableData/master/image/la_muse.jpg
https://raw.githubusercontent.com/AtlantixJJ/VideoStableData/master/frame_sfn_comb/davis_man-bike_sfn_comb_feathers_00017.jpg,https://raw.githubusercontent.com/AtlantixJJ/VideoStableData/master/frame_sfn_none/davis_man-bike_sfn_none_feathers_00017.jpg,https://raw.githubusercontent.com/AtlantixJJ/VideoStableData/master/image/feathers.jpg
https://raw.githubusercontent.com/AtlantixJJ/VideoStableData/master/frame_sfn_none/davis_helicopter_sfn_none_lamuse_00019.jpg,https://raw.githubusercontent.com/AtlantixJJ/VideoStableData/master/frame_sfn_comb/davis_helicopter_sfn_comb_lamuse_00019.jpg,https://raw.githubusercontent.com/AtlantixJJ/VideoStableData/master/image/la_muse.jpg
https://raw.githubusercontent.com/AtlantixJJ/VideoStableData/master/frame_sfn_comb/davis_girl-dog_sfn_comb_composition_00085.jpg,https://raw.githubusercontent.com/AtlantixJJ/VideoStableData/master/frame_sfn_none/davis_girl-dog_sfn_none_composition_00085.jpg,https://raw.githubusercontent.com/AtlantixJJ/VideoStableData/master/image/composition_vii.jpg
https://raw.githubusercontent.com/AtlantixJJ/VideoStableData/master/frame_sfn_comb/sintel_tiger_sfn_comb_starrynight_00033.jpg,https://raw.githubusercontent.com/AtlantixJJ/VideoStableData/master/frame_sfn_none/sintel_tiger_sfn_none_starrynight_00033.jpg,https://raw.githubusercontent.com/AtlantixJJ/VideoStableData/master/image/starry_night.jpg
https://raw.githubusercontent.com/AtlantixJJ/VideoStableData/master/frame_sfn_comb/sintel_cave_3_sfn_comb_lamuse_00002.jpg,https://raw.githubusercontent.com/AtlantixJJ/VideoStableData/master/frame_sfn_none/sintel_cave_3_sfn_none_lamuse_00002.jpg,https://raw.githubusercontent.com/AtlantixJJ/VideoStableData/master/image/la_muse.jpg
https://raw.githubusercontent.com/AtlantixJJ/VideoStableData/master/frame_sfn_comb/davis_tandem_sfn_comb_starrynight_00012.jpg,https://raw.githubusercontent.com/AtlantixJJ/VideoStableData/master/frame_sfn_none/davis_tandem_sfn_none_starrynight_00012.jpg,https://raw.githubusercontent.com/AtlantixJJ/VideoStableData/master/image/starry_night.jpg
https://raw.githubusercontent.com/AtlantixJJ/VideoStableData/master/frame_sfn_none/sintel_ambush_1_sfn_none_lamuse_00015.jpg,https://raw.githubusercontent.com/AtlantixJJ/VideoStableData/master/frame_sfn_comb/sintel_ambush_1_sfn_comb_lamuse_00015.jpg,https://raw.githubusercontent.com/AtlantixJJ/VideoStableData/master/image/la_muse.jpg
https://raw.githubusercontent.com/AtlantixJJ/VideoStableData/master/frame_sfn_comb/davis_man-bike_sfn_comb_composition_00037.jpg,https://raw.githubusercontent.com/AtlantixJJ/VideoStableData/master/frame_sfn_none/davis_man-bike_sfn_none_composition_00037.jpg,https://raw.githubusercontent.com/AtlantixJJ/VideoStableData/master/image/composition_vii.jpg
https://raw.githubusercontent.com/AtlantixJJ/VideoStableData/master/frame_sfn_comb/davis_helicopter_sfn_comb_feathers_00046.jpg,https://raw.githubusercontent.com/AtlantixJJ/VideoStableData/master/frame_sfn_none/davis_helicopter_sfn_none_feathers_00046.jpg,https://raw.githubusercontent.com/AtlantixJJ/VideoStableData/master/image/feathers.jpg
https://raw.githubusercontent.com/AtlantixJJ/VideoStableData/master/frame_sfn_comb/sintel_cave_3_sfn_comb_composition_00048.jpg,https://raw.githubusercontent.com/AtlantixJJ/VideoStableData/master/frame_sfn_none/sintel_cave_3_sfn_none_composition_00048.jpg,https://raw.githubusercontent.com/AtlantixJJ/VideoStableData/master/image/composition_vii.jpg
https://raw.githubusercontent.com/AtlantixJJ/VideoStableData/master/frame_sfn_comb/davis_gym_sfn_comb_starrynight_00006.jpg,https://raw.githubusercontent.com/AtlantixJJ/VideoStableData/master/frame_sfn_none/davis_gym_sfn_none_starrynight_00006.jpg,https://raw.githubusercontent.com/AtlantixJJ/VideoStableData/master/image/starry_night.jpg
https://raw.githubusercontent.com/AtlantixJJ/VideoStableData/master/frame_sfn_comb/davis_guitar-violin_sfn_comb_lamuse_00044.jpg,https://raw.githubusercontent.com/AtlantixJJ/VideoStableData/master/frame_sfn_none/davis_guitar-violin_sfn_none_lamuse_00044.jpg,https://raw.githubusercontent.com/AtlantixJJ/VideoStableData/master/image/la_muse.jpg
https://raw.githubusercontent.com/AtlantixJJ/VideoStableData/master/frame_sfn_comb/davis_horsejump-stick_sfn_comb_composition_00056.jpg,https://raw.githubusercontent.com/AtlantixJJ/VideoStableData/master/frame_sfn_none/davis_horsejump-stick_sfn_none_composition_00056.jpg,https://raw.githubusercontent.com/AtlantixJJ/VideoStableData/master/image/composition_vii.jpg
https://raw.githubusercontent.com/AtlantixJJ/VideoStableData/master/frame_sfn_none/sintel_PERTURBED_shaman_1_sfn_none_feathers_00047.jpg,https://raw.githubusercontent.com/AtlantixJJ/VideoStableData/master/frame_sfn_comb/sintel_PERTURBED_shaman_1_sfn_comb_feathers_00047.jpg,https://raw.githubusercontent.com/AtlantixJJ/VideoStableData/master/image/feathers.jpg
https://raw.githubusercontent.com/AtlantixJJ/VideoStableData/master/frame_sfn_comb/davis_subway_sfn_comb_composition_00057.jpg,https://raw.githubusercontent.com/AtlantixJJ/VideoStableData/master/frame_sfn_none/davis_subway_sfn_none_composition_00057.jpg,https://raw.githubusercontent.com/AtlantixJJ/VideoStableData/master/image/composition_vii.jpg
https://raw.githubusercontent.com/AtlantixJJ/VideoStableData/master/frame_sfn_none/davis_slackline_sfn_none_composition_00023.jpg,https://raw.githubusercontent.com/AtlantixJJ/VideoStableData/master/frame_sfn_comb/davis_slackline_sfn_comb_composition_00023.jpg,https://raw.githubusercontent.com/AtlantixJJ/VideoStableData/master/image/composition_vii.jpg
https://raw.githubusercontent.com/AtlantixJJ/VideoStableData/master/frame_sfn_none/davis_tandem_sfn_none_composition_00045.jpg,https://raw.githubusercontent.com/AtlantixJJ/VideoStableData/master/frame_sfn_comb/davis_tandem_sfn_comb_composition_00045.jpg,https://raw.githubusercontent.com/AtlantixJJ/VideoStableData/master/image/composition_vii.jpg
https://raw.githubusercontent.com/AtlantixJJ/VideoStableData/master/frame_sfn_comb/sintel_temple_1_sfn_comb_composition_00034.jpg,https://raw.githubusercontent.com/AtlantixJJ/VideoStableData/master/frame_sfn_none/sintel_temple_1_sfn_none_composition_00034.jpg,https://raw.githubusercontent.com/AtlantixJJ/VideoStableData/master/image/composition_vii.jpg
https://raw.githubusercontent.com/AtlantixJJ/VideoStableData/master/frame_sfn_none/davis_horsejump-stick_sfn_none_starrynight_00049.jpg,https://raw.githubusercontent.com/AtlantixJJ/VideoStableData/master/frame_sfn_comb/davis_horsejump-stick_sfn_comb_starrynight_00049.jpg,https://raw.githubusercontent.com/AtlantixJJ/VideoStableData/master/image/starry_night.jpg
https://raw.githubusercontent.com/AtlantixJJ/VideoStableData/master/frame_sfn_none/davis_guitar-violin_sfn_none_starrynight_00037.jpg,https://raw.githubusercontent.com/AtlantixJJ/VideoStableData/master/frame_sfn_comb/davis_guitar-violin_sfn_comb_starrynight_00037.jpg,https://raw.githubusercontent.com/AtlantixJJ/VideoStableData/master/image/starry_night.jpg
https://raw.githubusercontent.com/AtlantixJJ/VideoStableData/master/frame_sfn_none/davis_girl-dog_sfn_none_feathers_00074.jpg,https://raw.githubusercontent.com/AtlantixJJ/VideoStableData/master/frame_sfn_comb/davis_girl-dog_sfn_comb_feathers_00074.jpg,https://raw.githubusercontent.com/AtlantixJJ/VideoStableData/master/image/feathers.jpg
https://raw.githubusercontent.com/AtlantixJJ/VideoStableData/master/frame_sfn_comb/sintel_temple_1_sfn_comb_starrynight_00034.jpg,https://raw.githubusercontent.com/AtlantixJJ/VideoStableData/master/frame_sfn_none/sintel_temple_1_sfn_none_starrynight_00034.jpg,https://raw.githubusercontent.com/AtlantixJJ/VideoStableData/master/image/starry_night.jpg
https://raw.githubusercontent.com/AtlantixJJ/VideoStableData/master/frame_sfn_comb/davis_slackline_sfn_comb_starrynight_00019.jpg,https://raw.githubusercontent.com/AtlantixJJ/VideoStableData/master/frame_sfn_none/davis_slackline_sfn_none_starrynight_00019.jpg,https://raw.githubusercontent.com/AtlantixJJ/VideoStableData/master/image/starry_night.jpg
https://raw.githubusercontent.com/AtlantixJJ/VideoStableData/master/frame_sfn_comb/sintel_tiger_sfn_comb_composition_00039.jpg,https://raw.githubusercontent.com/AtlantixJJ/VideoStableData/master/frame_sfn_none/sintel_tiger_sfn_none_composition_00039.jpg,https://raw.githubusercontent.com/AtlantixJJ/VideoStableData/master/image/composition_vii.jpg
https://raw.githubusercontent.com/AtlantixJJ/VideoStableData/master/frame_sfn_comb/davis_cats-car_sfn_comb_starrynight_00041.jpg,https://raw.githubusercontent.com/AtlantixJJ/VideoStableData/master/frame_sfn_none/davis_cats-car_sfn_none_starrynight_00041.jpg,https://raw.githubusercontent.com/AtlantixJJ/VideoStableData/master/image/starry_night.jpg
https://raw.githubusercontent.com/AtlantixJJ/VideoStableData/master/frame_sfn_none/davis_guitar-violin_sfn_none_feathers_00037.jpg,https://raw.githubusercontent.com/AtlantixJJ/VideoStableData/master/frame_sfn_comb/davis_guitar-violin_sfn_comb_feathers_00037.jpg,https://raw.githubusercontent.com/AtlantixJJ/VideoStableData/master/image/feathers.jpg
https://raw.githubusercontent.com/AtlantixJJ/VideoStableData/master/frame_sfn_comb/davis_helicopter_sfn_comb_composition_00011.jpg,https://raw.githubusercontent.com/AtlantixJJ/VideoStableData/master/frame_sfn_none/davis_helicopter_sfn_none_composition_00011.jpg,https://raw.githubusercontent.com/AtlantixJJ/VideoStableData/master/image/composition_vii.jpg
https://raw.githubusercontent.com/AtlantixJJ/VideoStableData/master/frame_sfn_comb/davis_slackline_sfn_comb_feathers_00043.jpg,https://raw.githubusercontent.com/AtlantixJJ/VideoStableData/master/frame_sfn_none/davis_slackline_sfn_none_feathers_00043.jpg,https://raw.githubusercontent.com/AtlantixJJ/VideoStableData/master/image/feathers.jpg
https://raw.githubusercontent.com/AtlantixJJ/VideoStableData/master/frame_sfn_none/sintel_market_1_sfn_none_feathers_00027.jpg,https://raw.githubusercontent.com/AtlantixJJ/VideoStableData/master/frame_sfn_comb/sintel_market_1_sfn_comb_feathers_00027.jpg,https://raw.githubusercontent.com/AtlantixJJ/VideoStableData/master/image/feathers.jpg
https://raw.githubusercontent.com/AtlantixJJ/VideoStableData/master/frame_sfn_comb/sintel_ambush_1_sfn_comb_composition_00018.jpg,https://raw.githubusercontent.com/AtlantixJJ/VideoStableData/master/frame_sfn_none/sintel_ambush_1_sfn_none_composition_00018.jpg,https://raw.githubusercontent.com/AtlantixJJ/VideoStableData/master/image/composition_vii.jpg
https://raw.githubusercontent.com/AtlantixJJ/VideoStableData/master/frame_sfn_none/davis_girl-dog_sfn_none_lamuse_00038.jpg,https://raw.githubusercontent.com/AtlantixJJ/VideoStableData/master/frame_sfn_comb/davis_girl-dog_sfn_comb_lamuse_00038.jpg,https://raw.githubusercontent.com/AtlantixJJ/VideoStableData/master/image/la_muse.jpg
https://raw.githubusercontent.com/AtlantixJJ/VideoStableData/master/frame_sfn_comb/sintel_bamboo_3_sfn_comb_lamuse_00009.jpg,https://raw.githubusercontent.com/AtlantixJJ/VideoStableData/master/frame_sfn_none/sintel_bamboo_3_sfn_none_lamuse_00009.jpg,https://raw.githubusercontent.com/AtlantixJJ/VideoStableData/master/image/la_muse.jpg
https://raw.githubusercontent.com/AtlantixJJ/VideoStableData/master/frame_sfn_none/davis_subway_sfn_none_starrynight_00058.jpg,https://raw.githubusercontent.com/AtlantixJJ/VideoStableData/master/frame_sfn_comb/davis_subway_sfn_comb_starrynight_00058.jpg,https://raw.githubusercontent.com/AtlantixJJ/VideoStableData/master/image/starry_night.jpg
https://raw.githubusercontent.com/AtlantixJJ/VideoStableData/master/frame_sfn_comb/sintel_cave_3_sfn_comb_starrynight_00032.jpg,https://raw.githubusercontent.com/AtlantixJJ/VideoStableData/master/frame_sfn_none/sintel_cave_3_sfn_none_starrynight_00032.jpg,https://raw.githubusercontent.com/AtlantixJJ/VideoStableData/master/image/starry_night.jpg
https://raw.githubusercontent.com/AtlantixJJ/VideoStableData/master/frame_sfn_none/davis_tandem_sfn_none_lamuse_00027.jpg,https://raw.githubusercontent.com/AtlantixJJ/VideoStableData/master/frame_sfn_comb/davis_tandem_sfn_comb_lamuse_00027.jpg,https://raw.githubusercontent.com/AtlantixJJ/VideoStableData/master/image/la_muse.jpg
https://raw.githubusercontent.com/AtlantixJJ/VideoStableData/master/frame_sfn_none/sintel_wall_sfn_none_feathers_00033.jpg,https://raw.githubusercontent.com/AtlantixJJ/VideoStableData/master/frame_sfn_comb/sintel_wall_sfn_comb_feathers_00033.jpg,https://raw.githubusercontent.com/AtlantixJJ/VideoStableData/master/image/feathers.jpg
https://raw.githubusercontent.com/AtlantixJJ/VideoStableData/master/frame_sfn_none/sintel_market_1_sfn_none_starrynight_00029.jpg,https://raw.githubusercontent.com/AtlantixJJ/VideoStableData/master/frame_sfn_comb/sintel_market_1_sfn_comb_starrynight_00029.jpg,https://raw.githubusercontent.com/AtlantixJJ/VideoStableData/master/image/starry_night.jpg
https://raw.githubusercontent.com/AtlantixJJ/VideoStableData/master/frame_sfn_comb/davis_helicopter_sfn_comb_starrynight_00008.jpg,https://raw.githubusercontent.com/AtlantixJJ/VideoStableData/master/frame_sfn_none/davis_helicopter_sfn_none_starrynight_00008.jpg,https://raw.githubusercontent.com/AtlantixJJ/VideoStableData/master/image/starry_night.jpg
https://raw.githubusercontent.com/AtlantixJJ/VideoStableData/master/frame_sfn_comb/davis_guitar-violin_sfn_comb_composition_00043.jpg,https://raw.githubusercontent.com/AtlantixJJ/VideoStableData/master/frame_sfn_none/davis_guitar-violin_sfn_none_composition_00043.jpg,https://raw.githubusercontent.com/AtlantixJJ/VideoStableData/master/image/composition_vii.jpg
https://raw.githubusercontent.com/AtlantixJJ/VideoStableData/master/frame_sfn_comb/sintel_PERTURBED_shaman_1_sfn_comb_composition_00021.jpg,https://raw.githubusercontent.com/AtlantixJJ/VideoStableData/master/frame_sfn_none/sintel_PERTURBED_shaman_1_sfn_none_composition_00021.jpg,https://raw.githubusercontent.com/AtlantixJJ/VideoStableData/master/image/composition_vii.jpg
https://raw.githubusercontent.com/AtlantixJJ/VideoStableData/master/frame_sfn_comb/sintel_bamboo_3_sfn_comb_composition_00033.jpg,https://raw.githubusercontent.com/AtlantixJJ/VideoStableData/master/frame_sfn_none/sintel_bamboo_3_sfn_none_composition_00033.jpg,https://raw.githubusercontent.com/AtlantixJJ/VideoStableData/master/image/composition_vii.jpg
https://raw.githubusercontent.com/AtlantixJJ/VideoStableData/master/frame_sfn_comb/sintel_cave_3_sfn_comb_feathers_00028.jpg,https://raw.githubusercontent.com/AtlantixJJ/VideoStableData/master/frame_sfn_none/sintel_cave_3_sfn_none_feathers_00028.jpg,https://raw.githubusercontent.com/AtlantixJJ/VideoStableData/master/image/feathers.jpg
https://raw.githubusercontent.com/AtlantixJJ/VideoStableData/master/frame_sfn_comb/davis_cats-car_sfn_comb_composition_00013.jpg,https://raw.githubusercontent.com/AtlantixJJ/VideoStableData/master/frame_sfn_none/davis_cats-car_sfn_none_composition_00013.jpg,https://raw.githubusercontent.com/AtlantixJJ/VideoStableData/master/image/composition_vii.jpg
https://raw.githubusercontent.com/AtlantixJJ/VideoStableData/master/frame_sfn_comb/sintel_market_4_sfn_comb_feathers_00004.jpg,https://raw.githubusercontent.com/AtlantixJJ/VideoStableData/master/frame_sfn_none/sintel_market_4_sfn_none_feathers_00004.jpg,https://raw.githubusercontent.com/AtlantixJJ/VideoStableData/master/image/feathers.jpg
https://raw.githubusercontent.com/AtlantixJJ/VideoStableData/master/frame_sfn_none/sintel_ambush_1_sfn_none_feathers_00001.jpg,https://raw.githubusercontent.com/AtlantixJJ/VideoStableData/master/frame_sfn_comb/sintel_ambush_1_sfn_comb_feathers_00001.jpg,https://raw.githubusercontent.com/AtlantixJJ/VideoStableData/master/image/feathers.jpg
https://raw.githubusercontent.com/AtlantixJJ/VideoStableData/master/frame_sfn_comb/sintel_temple_1_sfn_comb_feathers_00036.jpg,https://raw.githubusercontent.com/AtlantixJJ/VideoStableData/master/frame_sfn_none/sintel_temple_1_sfn_none_feathers_00036.jpg,https://raw.githubusercontent.com/AtlantixJJ/VideoStableData/master/image/feathers.jpg
https://raw.githubusercontent.com/AtlantixJJ/VideoStableData/master/frame_sfn_none/sintel_PERTURBED_shaman_1_sfn_none_lamuse_00021.jpg,https://raw.githubusercontent.com/AtlantixJJ/VideoStableData/master/frame_sfn_comb/sintel_PERTURBED_shaman_1_sfn_comb_lamuse_00021.jpg,https://raw.githubusercontent.com/AtlantixJJ/VideoStableData/master/image/la_muse.jpg
https://raw.githubusercontent.com/AtlantixJJ/VideoStableData/master/frame_sfn_comb/sintel_market_4_sfn_comb_starrynight_00011.jpg,https://raw.githubusercontent.com/AtlantixJJ/VideoStableData/master/frame_sfn_none/sintel_market_4_sfn_none_starrynight_00011.jpg,https://raw.githubusercontent.com/AtlantixJJ/VideoStableData/master/image/starry_night.jpg
https://raw.githubusercontent.com/AtlantixJJ/VideoStableData/master/frame_sfn_comb/davis_subway_sfn_comb_feathers_00084.jpg,https://raw.githubusercontent.com/AtlantixJJ/VideoStableData/master/frame_sfn_none/davis_subway_sfn_none_feathers_00084.jpg,https://raw.githubusercontent.com/AtlantixJJ/VideoStableData/master/image/feathers.jpg
https://raw.githubusercontent.com/AtlantixJJ/VideoStableData/master/frame_sfn_comb/davis_horsejump-stick_sfn_comb_lamuse_00022.jpg,https://raw.githubusercontent.com/AtlantixJJ/VideoStableData/master/frame_sfn_none/davis_horsejump-stick_sfn_none_lamuse_00022.jpg,https://raw.githubusercontent.com/AtlantixJJ/VideoStableData/master/image/la_muse.jpg
https://raw.githubusercontent.com/AtlantixJJ/VideoStableData/master/frame_sfn_none/davis_girl-dog_sfn_none_starrynight_00020.jpg,https://raw.githubusercontent.com/AtlantixJJ/VideoStableData/master/frame_sfn_comb/davis_girl-dog_sfn_comb_starrynight_00020.jpg,https://raw.githubusercontent.com/AtlantixJJ/VideoStableData/master/image/starry_night.jpg
https://raw.githubusercontent.com/AtlantixJJ/VideoStableData/master/frame_sfn_comb/sintel_market_1_sfn_comb_composition_00037.jpg,https://raw.githubusercontent.com/AtlantixJJ/VideoStableData/master/frame_sfn_none/sintel_market_1_sfn_none_composition_00037.jpg,https://raw.githubusercontent.com/AtlantixJJ/VideoStableData/master/image/composition_vii.jpg
https://raw.githubusercontent.com/AtlantixJJ/VideoStableData/master/frame_sfn_comb/sintel_bamboo_3_sfn_comb_feathers_00030.jpg,https://raw.githubusercontent.com/AtlantixJJ/VideoStableData/master/frame_sfn_none/sintel_bamboo_3_sfn_none_feathers_00030.jpg,https://raw.githubusercontent.com/AtlantixJJ/VideoStableData/master/image/feathers.jpg
https://raw.githubusercontent.com/AtlantixJJ/VideoStableData/master/frame_sfn_comb/sintel_market_4_sfn_comb_composition_00044.jpg,https://raw.githubusercontent.com/AtlantixJJ/VideoStableData/master/frame_sfn_none/sintel_market_4_sfn_none_composition_00044.jpg,https://raw.githubusercontent.com/AtlantixJJ/VideoStableData/master/image/composition_vii.jpg
https://raw.githubusercontent.com/AtlantixJJ/VideoStableData/master/frame_sfn_comb/davis_cats-car_sfn_comb_lamuse_00057.jpg,https://raw.githubusercontent.com/AtlantixJJ/VideoStableData/master/frame_sfn_none/davis_cats-car_sfn_none_lamuse_00057.jpg,https://raw.githubusercontent.com/AtlantixJJ/VideoStableData/master/image/la_muse.jpg
https://raw.githubusercontent.com/AtlantixJJ/VideoStableData/master/frame_sfn_comb/davis_subway_sfn_comb_lamuse_00001.jpg,https://raw.githubusercontent.com/AtlantixJJ/VideoStableData/master/frame_sfn_none/davis_subway_sfn_none_lamuse_00001.jpg,https://raw.githubusercontent.com/AtlantixJJ/VideoStableData/master/image/la_muse.jpg
https://raw.githubusercontent.com/AtlantixJJ/VideoStableData/master/frame_sfn_comb/davis_horsejump-stick_sfn_comb_feathers_00039.jpg,https://raw.githubusercontent.com/AtlantixJJ/VideoStableData/master/frame_sfn_none/davis_horsejump-stick_sfn_none_feathers_00039.jpg,https://raw.githubusercontent.com/AtlantixJJ/VideoStableData/master/image/feathers.jpg
https://raw.githubusercontent.com/AtlantixJJ/VideoStableData/master/frame_sfn_none/sintel_tiger_sfn_none_feathers_00042.jpg,https://raw.githubusercontent.com/AtlantixJJ/VideoStableData/master/frame_sfn_comb/sintel_tiger_sfn_comb_feathers_00042.jpg,https://raw.githubusercontent.com/AtlantixJJ/VideoStableData/master/image/feathers.jpg
https://raw.githubusercontent.com/AtlantixJJ/VideoStableData/master/frame_sfn_comb/sintel_tiger_sfn_comb_lamuse_00043.jpg,https://raw.githubusercontent.com/AtlantixJJ/VideoStableData/master/frame_sfn_none/sintel_tiger_sfn_none_lamuse_00043.jpg,https://raw.githubusercontent.com/AtlantixJJ/VideoStableData/master/image/la_muse.jpg
https://raw.githubusercontent.com/AtlantixJJ/VideoStableData/master/frame_sfn_comb/sintel_ambush_1_sfn_comb_starrynight_00022.jpg,https://raw.githubusercontent.com/AtlantixJJ/VideoStableData/master/frame_sfn_none/sintel_ambush_1_sfn_none_starrynight_00022.jpg,https://raw.githubusercontent.com/AtlantixJJ/VideoStableData/master/image/starry_night.jpg
https://raw.githubusercontent.com/AtlantixJJ/VideoStableData/master/frame_sfn_comb/davis_gym_sfn_comb_feathers_00045.jpg,https://raw.githubusercontent.com/AtlantixJJ/VideoStableData/master/frame_sfn_none/davis_gym_sfn_none_feathers_00045.jpg,https://raw.githubusercontent.com/AtlantixJJ/VideoStableData/master/image/feathers.jpg
https://raw.githubusercontent.com/AtlantixJJ/VideoStableData/master/frame_sfn_comb/sintel_mountain_2_sfn_comb_composition_00022.jpg,https://raw.githubusercontent.com/AtlantixJJ/VideoStableData/master/frame_sfn_none/sintel_mountain_2_sfn_none_composition_00022.jpg,https://raw.githubusercontent.com/AtlantixJJ/VideoStableData/master/image/composition_vii.jpg
https://raw.githubusercontent.com/AtlantixJJ/VideoStableData/master/frame_sfn_none/sintel_PERTURBED_shaman_1_sfn_none_starrynight_00043.jpg,https://raw.githubusercontent.com/AtlantixJJ/VideoStableData/master/frame_sfn_comb/sintel_PERTURBED_shaman_1_sfn_comb_starrynight_00043.jpg,https://raw.githubusercontent.com/AtlantixJJ/VideoStableData/master/image/starry_night.jpg
https://raw.githubusercontent.com/AtlantixJJ/VideoStableData/master/frame_sfn_comb/sintel_bamboo_3_sfn_comb_starrynight_00025.jpg,https://raw.githubusercontent.com/AtlantixJJ/VideoStableData/master/frame_sfn_none/sintel_bamboo_3_sfn_none_starrynight_00025.jpg,https://raw.githubusercontent.com/AtlantixJJ/VideoStableData/master/image/starry_night.jpg
https://raw.githubusercontent.com/AtlantixJJ/VideoStableData/master/frame_sfn_none/davis_gym_sfn_none_composition_00048.jpg,https://raw.githubusercontent.com/AtlantixJJ/VideoStableData/master/frame_sfn_comb/davis_gym_sfn_comb_composition_00048.jpg,https://raw.githubusercontent.com/AtlantixJJ/VideoStableData/master/image/composition_vii.jpg
https://raw.githubusercontent.com/AtlantixJJ/VideoStableData/master/frame_sfn_comb/sintel_temple_1_sfn_comb_lamuse_00047.jpg,https://raw.githubusercontent.com/AtlantixJJ/VideoStableData/master/frame_sfn_none/sintel_temple_1_sfn_none_lamuse_00047.jpg,https://raw.githubusercontent.com/AtlantixJJ/VideoStableData/master/image/la_muse.jpg
https://raw.githubusercontent.com/AtlantixJJ/VideoStableData/master/frame_sfn_comb/davis_gym_sfn_comb_lamuse_00011.jpg,https://raw.githubusercontent.com/AtlantixJJ/VideoStableData/master/frame_sfn_none/davis_gym_sfn_none_lamuse_00011.jpg,https://raw.githubusercontent.com/AtlantixJJ/VideoStableData/master/image/la_muse.jpg
https://raw.githubusercontent.com/AtlantixJJ/VideoStableData/master/frame_sfn_comb/davis_man-bike_sfn_comb_starrynight_00027.jpg,https://raw.githubusercontent.com/AtlantixJJ/VideoStableData/master/frame_sfn_none/davis_man-bike_sfn_none_starrynight_00027.jpg,https://raw.githubusercontent.com/AtlantixJJ/VideoStableData/master/image/starry_night.jpg
https://raw.githubusercontent.com/AtlantixJJ/VideoStableData/master/frame_sfn_comb/sintel_market_1_sfn_comb_lamuse_00046.jpg,https://raw.githubusercontent.com/AtlantixJJ/VideoStableData/master/frame_sfn_none/sintel_market_1_sfn_none_lamuse_00046.jpg,https://raw.githubusercontent.com/AtlantixJJ/VideoStableData/master/image/la_muse.jpg
https://raw.githubusercontent.com/AtlantixJJ/VideoStableData/master/frame_sfn_comb/sintel_mountain_2_sfn_comb_starrynight_00005.jpg,https://raw.githubusercontent.com/AtlantixJJ/VideoStableData/master/frame_sfn_none/sintel_mountain_2_sfn_none_starrynight_00005.jpg,https://raw.githubusercontent.com/AtlantixJJ/VideoStableData/master/image/starry_night.jpg
https://raw.githubusercontent.com/AtlantixJJ/VideoStableData/master/frame_sfn_none/sintel_market_4_sfn_none_lamuse_00036.jpg,https://raw.githubusercontent.com/AtlantixJJ/VideoStableData/master/frame_sfn_comb/sintel_market_4_sfn_comb_lamuse_00036.jpg,https://raw.githubusercontent.com/AtlantixJJ/VideoStableData/master/image/la_muse.jpg
https://raw.githubusercontent.com/AtlantixJJ/VideoStableData/master/frame_sfn_none/davis_cats-car_sfn_none_feathers_00025.jpg,https://raw.githubusercontent.com/AtlantixJJ/VideoStableData/master/frame_sfn_comb/davis_cats-car_sfn_comb_feathers_00025.jpg,https://raw.githubusercontent.com/AtlantixJJ/VideoStableData/master/image/feathers.jpg
https://raw.githubusercontent.com/AtlantixJJ/VideoStableData/master/frame_sfn_comb/davis_slackline_sfn_comb_lamuse_00053.jpg,https://raw.githubusercontent.com/AtlantixJJ/VideoStableData/master/frame_sfn_none/davis_slackline_sfn_none_lamuse_00053.jpg,https://raw.githubusercontent.com/AtlantixJJ/VideoStableData/master/image/la_muse.jpg
https://raw.githubusercontent.com/AtlantixJJ/VideoStableData/master/frame_sfn_comb/sintel_wall_sfn_comb_starrynight_00012.jpg,https://raw.githubusercontent.com/AtlantixJJ/VideoStableData/master/frame_sfn_none/sintel_wall_sfn_none_starrynight_00012.jpg,https://raw.githubusercontent.com/AtlantixJJ/VideoStableData/master/image/starry_night.jpg
https://raw.githubusercontent.com/AtlantixJJ/VideoStableData/master/frame_sfn_none/sintel_mountain_2_sfn_none_lamuse_00009.jpg,https://raw.githubusercontent.com/AtlantixJJ/VideoStableData/master/frame_sfn_comb/sintel_mountain_2_sfn_comb_lamuse_00009.jpg,https://raw.githubusercontent.com/AtlantixJJ/VideoStableData/master/image/la_muse.jpg
https://raw.githubusercontent.com/AtlantixJJ/VideoStableData/master/frame_sfn_none/sintel_wall_sfn_none_composition_00047.jpg,https://raw.githubusercontent.com/AtlantixJJ/VideoStableData/master/frame_sfn_comb/sintel_wall_sfn_comb_composition_00047.jpg,https://raw.githubusercontent.com/AtlantixJJ/VideoStableData/master/image/composition_vii.jpg
